{"val_loss/dataloader_idx_0":0.10961274802684784,"train_loss_epoch":0.13513322174549103,"_step":19,"_wandb":{"runtime":8},"epoch":2,"_runtime":8,"train_loss_step":0.12031430751085281,"trainer/global_step":113,"_timestamp":1.755665510609567e+09,"val_loss/dataloader_idx_1":0.10961274802684784}