{"val_loss/dataloader_idx_0":0.14122094213962555,"train_loss_epoch":0.0756361186504364,"_wandb":{"runtime":9},"_runtime":9,"trainer/global_step":227,"train_loss_step":0.06327209621667862,"epoch":2,"_timestamp":1.7556655413505394e+09,"val_loss/dataloader_idx_1":0.14122094213962555,"_step":33}